<?xml version="1.0" encoding="UTF-8"?>
<list>
	<emp id="1">
		<name>jack</name>
		<age>33</age>
		<gender>男</gender>
		<salary>5000</salary>
	</emp>
	<emp id="2">
		<name>boss</name>
		<age>55</age>
		<gender>男</gender>
		<salary>55000</salary>
	</emp>
	<emp id="3">
		<name>marry</name>
		<age>22</age>
		<gender>女</gender>
		<salary>3500</salary>
	</emp>
	<emp id="4">
		<name>kate</name>
		<age>25</age>
		<gender>女</gender>
		<salary>6000</salary>
	</emp>
	<emp id="5">
		<name>tom</name>
		<age>32</age>
		<gender>男</gender>
		<salary>8500</salary>
	</emp>
</list>